{
  "run_id": "run-690b8cfe-b447-4add-9839-3d713701bcea",
  "event_id": "07k6q1e5lmhcv9uldqhnsn0hq9",
  "company_name": "Osram",
  "company_domain": "osram.com",
  "crm_lookup": {
    "company_in_crm": true,
    "attachments_in_crm": false,
    "requires_dossier": true,
    "attachments": [],
    "attachment_count": 0,
    "company": {
      "id": "221740877046",
      "properties": {
        "createdate": "2025-08-21T21:05:29.400Z",
        "domain": "osram.com",
        "hs_lastmodifieddate": "2025-08-21T21:05:32.641Z",
        "hs_object_id": "221740877046",
        "name": "Osram"
      },
      "createdAt": "2025-08-21T21:05:29.400Z",
      "updatedAt": "2025-08-21T21:05:32.641Z",
      "archived": false
    }
  },
  "written_at": "2025-10-09T19:44:09.333773+00:00"
}