{
  "report_type": "Company Detail Research",
  "run_id": "run-690b8cfe-b447-4add-9839-3d713701bcea",
  "event_id": "07k6q1e5lmhcv9uldqhnsn0hq9",
  "generated_at": "09.10.2025 21:44 CET",
  "company": {
    "name": "Osram",
    "domain": "osram.com",
    "location": null,
    "industry": null,
    "description": null
  },
  "summary": "",
  "insights": [],
  "sources": [],
  "raw_input": {
    "company_name": "Osram",
    "web_domain": "osram.com",
    "company_domain": "osram.com",
    "run_id": "run-690b8cfe-b447-4add-9839-3d713701bcea",
    "event_id": "07k6q1e5lmhcv9uldqhnsn0hq9"
  },
  "status": "insufficient_context"
}